Ano,Trimestre,Categoria,Tipo,CNPJ,Instituição financeira,Índice,Quantidade de reclamações reguladas procedentes,Quantidade de reclamações reguladas - outras,Quantidade de reclamações não reguladas,Quantidade total de reclamações,Quantidade total de clientes CCS e SCR,Quantidade de clientes CCS,Quantidade de clientes SCR
2021,1º,Grupo Secundário,Conglomerado, ,ABC-BRASIL (conglomerado), ,2,3,4,9,26230,24698,3810
2021,1º,Grupo Secundário,Conglomerado, ,AGIBANK (conglomerado),"54,79",58,140,73,271,1058431,790848,693843
2021,1º,Grupo Secundário,Banco/financeira,36321990,"AGORACRED S/A SOCIEDADE DE CRÉDITO, FINANCIAMENTO E INVESTIMENTO", ,3,3,0,6,420692,129,420563
2021,1º,Grupo Secundário,Banco/financeira,27214112,"AL5 S.A. CRÉDITO, FINANCIAMENTO E INVESTIMENTO", ,1,1,0,2,12645,4979,10112
2021,1º,Grupo Secundário,Conglomerado, ,ALFA (conglomerado), ,14,44,15,73,412135,268186,145105
2021,1º,Grupo Secundário,Conglomerado, ,ANDBANK (conglomerado), ,0,2,1,3,4383,4382,52
2021,1º,Grupo Secundário,Banco/financeira,3532415,BANCO ABN AMRO S.A., ,0,0,3,3,98,71,31
2021,1º,Grupo Secundário,Banco/financeira,54403563,BANCO ARBI S.A., ,1,0,0,1,18087,9312,8838
2021,1º,Grupo Secundário,Banco/financeira,2992446,BANCO CNH INDUSTRIAL CAPITAL S.A., ,0,1,2,3,28352,1238,27399
2021,1º,Grupo Secundário,Banco/financeira,8357240,BANCO CSF S.A.,"22,53",165,94,51,310,7322283, ,7322283
2021,1º,Grupo Secundário,Banco/financeira,4902979,BANCO DA AMAZONIA S.A., ,4,1,7,12,540684,459756,194221
2021,1º,Grupo Secundário,Banco/financeira,10690848,BANCO DA CHINA BRASIL S.A., ,0,1,0,1,469,452,32
2021,1º,Grupo Secundário,Banco/financeira,5040481,BANCO DE LAGE LANDEN BRASIL S.A., ,0,1,0,1,36713,3,36711
2021,1º,Grupo Secundário,Banco/financeira,92874270,BANCO DIGIMAIS S.A.,"484,31",143,36,54,233,295260,168966,177621
2021,1º,Grupo Secundário,Banco/financeira,27098060,BANCO DIGIO S.A.,"25,71",40,100,64,204,1555646,594244,1515429
2021,1º,Grupo Secundário,Banco/financeira,13009717,BANCO DO ESTADO DE SERGIPE S.A., ,11,25,9,45,1066464,834281,599884
2021,1º,Grupo Secundário,Banco/financeira,4913711,BANCO DO ESTADO DO PARÁ S.A.,"46,20",39,10,12,61,844056,758236,347013
2021,1º,Grupo Secundário,Banco/financeira,7237373,BANCO DO NORDESTE DO BRASIL S.A., ,19,8,20,47,8512373,7928582,3161435
2021,1º,Grupo Secundário,Banco/financeira,58616418,BANCO FIBRA S.A., ,1,2,2,5,163619,3832,160325
2021,1º,Grupo Secundário,Banco/financeira,62237425,BANCO FIDIS S/A, ,0,2,0,2,6907,185,6739
2021,1º,Grupo Secundário,Banco/financeira,4866275,BANCO INBURSA S.A., ,1,5,1,7,12367,12,12357
2021,1º,Grupo Secundário,Banco/financeira,91884981,BANCO JOHN DEERE S.A., ,0,1,0,1,15036,254,14848
2021,1º,Grupo Secundário,Banco/financeira,59118133,BANCO LUSO BRASILEIRO S.A., ,0,1,0,1,10071,4711,5719
2021,1º,Grupo Secundário,Banco/financeira,78632767,BANCO OURINVEST S.A., ,0,1,0,1,42561,40252,2342
2021,1º,Grupo Secundário,Banco/financeira,61820817,BANCO PAULISTA S.A., ,0,0,1,1,26002,7898,18366
2021,1º,Grupo Secundário,Banco/financeira,795423,BANCO SEMEAR S.A., ,4,0,1,5,290731,2996,287950
2021,1º,Grupo Secundário,Banco/financeira,11970623,BANCO SENFF S.A., ,8,12,2,22,77251,106,77156
2021,1º,Grupo Secundário,Banco/financeira,7679404,BANCO TOPÁZIO S.A., ,1,4,1,6,35261,16292,21125
2021,1º,Grupo Secundário,Banco/financeira,3215790,BANCO TOYOTA DO BRASIL S.A., ,0,0,1,1,164435,15283,150113
2021,1º,Grupo Secundário,Banco/financeira,17351180,BANCO TRIANGULO S.A., ,3,8,16,27,1953437,248674,1790932
2021,1º,Grupo Secundário,Banco/financeira,57839805,BANCO TRICURY S.A., ,0,1,1,2,685,666,149
2021,1º,Grupo Secundário,Conglomerado, ,BANCOOB (conglomerado), ,19,31,18,68,4576738,2242360,2872105
2021,1º,Grupo Secundário,Conglomerado, ,BANESTES (conglomerado), ,21,22,5,48,1232727,1181686,473114
2021,1º,Grupo Secundário,Conglomerado, ,BANRISUL (conglomerado),"24,99",127,349,60,536,5080031,3756328,3950764
2021,1º,Grupo Secundário,Conglomerado, ,BARIGUI (conglomerado), ,7,15,26,48,42559,15683,29761
2021,1º,Top 10,Conglomerado, ,BB (conglomerado),"21,25",1463,2782,2225,6470,68844801,65031349,30167056
2021,1º,Grupo Secundário,Conglomerado, ,BMG (conglomerado),"165,20",1190,644,251,2085,7202992,3421046,5072090
2021,1º,Grupo Secundário,Conglomerado, ,BNP PARIBAS (conglomerado),"181,98",447,250,90,787,2456247,12581,2444170
2021,1º,Grupo Secundário,Conglomerado, ,BNY MELLON (conglomerado), ,0,0,1,1,3744,3744, 
2021,1º,Top 10,Conglomerado, ,BRADESCO (conglomerado),"22,78",2248,3913,2591,8752,98648524,89718703,43974719
2021,1º,Grupo Secundário,Conglomerado, ,BRB (conglomerado),"107,93",120,149,140,409,1111807,999840,498848
2021,1º,Grupo Secundário,Conglomerado, ,BTG PACTUAL (conglomerado), ,29,44,60,133,766998,679113,147461
2021,1º,Grupo Secundário,Conglomerado, ,C6 BANK (conglomerado),"979,53",5940,598,207,6745,6064085,5139889,1748590
2021,1º,Top 10,Conglomerado, ,CAIXA ECONÔMICA FEDERAL (conglomerado),"36,20",5263,6341,4920,16524,145367310,143826538,22933543
2021,1º,Grupo Secundário,Banco/financeira,9313766,"CARUANA S.A. - SOCIEDADE DE CRÉDITO, FINANCIAMENTO E INVESTIMENTO", ,1,2,1,4,71736,65584,11640
2021,1º,Grupo Secundário,Conglomerado, ,CCB (conglomerado), ,10,126,15,151,224649,3762,221472
2021,1º,Grupo Secundário,Conglomerado, ,CITIBANK (conglomerado), ,1,11,2,14,17612,16889,1620
2021,1º,Grupo Secundário,Conglomerado, ,COLOMBO (conglomerado), ,0,3,1,4,331101, ,331101
2021,1º,Grupo Secundário,Conglomerado, ,CREFISA (conglomerado), ,25,184,52,261,2255383,1184391,1562138
2021,1º,Grupo Secundário,Conglomerado, ,DAYCOVAL (conglomerado),"274,48",331,400,113,844,1205882,138048,1094686
2021,1º,Grupo Secundário,Banco/financeira,62331228,DEUTSCHE BANK S.A. - BANCO ALEMAO, ,0,1,0,1,2112,2093,164
2021,1º,Grupo Secundário,Banco/financeira,15581638,FACTA FINANCEIRA S.A. - CRÉDITO FINANCIAMENTO E INVESTIMENTO,"620,55",70,151,3,224,112802,664,112141
2021,1º,Grupo Secundário,Banco/financeira,411939,"FINAMAX S.A. - CREDITO, FINANCIAMENTO E INVESTIMENTO", ,0,2,3,5,87041,1715,85381
2021,1º,Grupo Secundário,Conglomerado, ,FINAXIS (conglomerado), ,0,1,0,1,4066,4066, 
2021,1º,Grupo Secundário,Conglomerado, ,GENIAL (conglomerado), ,5,3,2,10,16008,16003,35
2021,1º,Grupo Secundário,Conglomerado, ,GM (conglomerado), ,5,14,23,42,309105,473,308711
2021,1º,Grupo Secundário,Conglomerado, ,GRUPO BONSUCESSO - BS2 (conglomerado),"105,42",82,162,83,327,777801,771754,17097
2021,1º,Grupo Secundário,Conglomerado, ,GRUPO ZEMA (conglomerado), ,1,4,4,9,439232,570,438672
2021,1º,Grupo Secundário,Conglomerado, ,HERVAL - HS (conglomerado), ,3,7,0,10,213321,13314,202222
2021,1º,Grupo Secundário,Conglomerado, ,HONDA (conglomerado), ,0,3,6,9,443975,101,443942
2021,1º,Grupo Secundário,Conglomerado, ,INDUSTRIAL DO BRASIL (conglomerado), ,17,22,7,46,65443,4487,61782
2021,1º,Grupo Secundário,Conglomerado, ,INDUSVAL (conglomerado), ,1,0,3,4,5298,4796,785
2021,1º,Top 10,Conglomerado, ,INTER (conglomerado),"129,26",1245,582,362,2189,9631304,9500388,1557039
2021,1º,Top 10,Conglomerado, ,ITAU (conglomerado),"19,72",1636,3086,2156,6878,82955510,63980098,49391035
2021,1º,Grupo Secundário,Banco/financeira,4230630,"JBCRED S.A. SOCIEDADE DE CREDITO, FINANCIAMENTO E INVESTIMENTO", ,2,2,3,7,49879, ,49879
2021,1º,Grupo Secundário,Conglomerado, ,JP MORGAN CHASE (conglomerado), ,0,1,0,1,3931,3914,129
2021,1º,Grupo Secundário,Banco/financeira,11271860,"LEBES FINANCEIRA S.A. - CRÉDITO, FINANCIAMENTO E INVESTIMENTO", ,1,0,0,1,4,4, 
2021,1º,Grupo Secundário,Conglomerado, ,LECCA (conglomerado), ,3,3,1,7,26060,418,25643
2021,1º,Grupo Secundário,Conglomerado, ,MÁXIMA (conglomerado),"568,89",57,44,18,119,100194,4444,95896
2021,1º,Grupo Secundário,Conglomerado, ,MERCANTIL DO BRASIL (conglomerado),"65,23",227,104,38,369,3479596,2945439,1733419
2021,1º,Grupo Secundário,Conglomerado, ,MERCEDES-BENZ (conglomerado), ,1,0,4,5,20651,252,20473
2021,1º,Top 10,Banco/financeira,9464032,"MIDWAY S.A. - CRÉDITO, FINANCIAMENTO E INVESTIMENTO","2,77",30,91,50,171,10797493,208,10797426
2021,1º,Grupo Secundário,Conglomerado, ,MODAL (conglomerado), ,25,53,34,112,1064679,1064679, 
2021,1º,Grupo Secundário,Banco/financeira,74828799,NOVO BANCO CONTINENTAL S.A. - BANCO MÚLTIPLO, ,11,22,0,33,91784,3074,89140
2021,1º,Top 10,Conglomerado, ,NUBANK (conglomerado),,0,8,11,19,13774766,12716441,1936741
2021,1º,Grupo Secundário,Conglomerado, ,OMNI (conglomerado),"6,81",32,51,53,136,4695792,9119,4690354
2021,1º,Grupo Secundário,Conglomerado, ,ORIGINAL (conglomerado),"79,22",316,289,239,844,3988641,3643140,820078
2021,1º,Grupo Secundário,Conglomerado, ,PAGBANK-PAGSEGURO (conglomerado), ,0,6,0,6,2476342,2471600,5042
2021,1º,Top 10,Conglomerado, ,PAN (conglomerado),"245,28",2185,1182,586,3953,8907890,3543823,6252547
2021,1º,Grupo Secundário,Conglomerado, ,PARANÁ BANCO (conglomerado),"228,46",111,252,19,382,485854,9678,476431
2021,1º,Grupo Secundário,Banco/financeira,3311443,"PARATI - CREDITO, FINANCIAMENTO E INVESTIMENTO S.A.", ,6,3,0,9,3843,0,3843
2021,1º,Grupo Secundário,Banco/financeira,43180355,"PEFISA S.A. - CRÉDITO, FINANCIAMENTO E INVESTIMENTO","12,90",81,36,16,133,6279057,5846351,2878477
2021,1º,Grupo Secundário,Conglomerado, ,PINE (conglomerado), ,0,0,1,1,12831,10476,2993
2021,1º,Grupo Secundário,Conglomerado, ,PORTO SEGURO (conglomerado),"29,12",80,114,64,258,2747125, ,2747125
2021,1º,Grupo Secundário,Banco/financeira,1800019,"PORTOCRED S.A. - CREDITO, FINANCIAMENTO E INVESTIMENTO", ,29,43,15,87,228987,3382,225607
2021,1º,Grupo Secundário,Banco/financeira,27351731,"REALIZE CRÉDITO, FINANCIAMENTO E INVESTIMENTO S.A.", ,6,31,22,59,4979229,45,4979205
2021,1º,Grupo Secundário,Conglomerado, ,RENDIMENTO (conglomerado), ,4,2,0,6,24379,20273,6735
2021,1º,Grupo Secundário,Conglomerado, ,RODOBENS (conglomerado), ,2,2,1,5,13539,1620,12328
2021,1º,Grupo Secundário,Conglomerado, ,SAFRA (conglomerado),"281,53",896,793,399,2088,3182584,1451405,1959556
2021,1º,Grupo Secundário,Banco/financeira,5503849,"SANTANA S.A. - CRÉDITO, FINANCIAMENTO E INVESTIMENTO", ,1,1,0,2,29195,1250,27947
2021,1º,Top 10,Conglomerado, ,SANTANDER (conglomerado),"31,38",1611,3279,1706,6596,51331984,42880457,25493933
2021,1º,Grupo Secundário,Banco/financeira,122327,"SANTINVEST S.A. - CREDITO, FINANCIAMENTO E INVESTIMENTOS", ,1,2,0,3,14370,634,13736
2021,1º,Grupo Secundário,Banco/financeira,7747410,"SAX S.A. - CRÉDITO, FINANCIAMENTO E INVESTIMENTO", ,2,4,2,8,853173, ,853173
2021,1º,Grupo Secundário,Conglomerado, ,SICREDI (conglomerado), ,0,0,1,1,5562671,5541402,177298
2021,1º,Grupo Secundário,Banco/financeira,3881423,"SOCINAL S.A. - CRÉDITO, FINANCIAMENTO E INVESTIMENTO", ,0,1,5,6,3398,1813,1585
2021,1º,Grupo Secundário,Conglomerado, ,SOFISA (conglomerado), ,25,17,26,68,314921,306391,14980
2021,1º,Grupo Secundário,Conglomerado, ,SOROCRED (conglomerado), ,12,21,21,54,720886,1196,719752
2021,1º,Grupo Secundário,Conglomerado, ,UBS (conglomerado), ,0,3,1,4,0,0, 
2021,1º,Grupo Secundário,Banco/financeira,5192316,"VIA CERTA FINANCIADORA S.A. - CRÉDITO, FINANCIAMENTO E INVESTIMENTOS", ,0,2,2,4,412934,1008,411929
2021,1º,Grupo Secundário,Conglomerado, ,VOLKSWAGEN (conglomerado), ,24,14,35,73,377032,1196,376129
2021,1º,Grupo Secundário,Conglomerado, ,VOLVO (conglomerado), ,0,0,1,1,7736,88,7727
2021,1º,Top 10,Conglomerado, ,VOTORANTIM (conglomerado),"4,57",69,428,206,703,15074861,11512143,4668540
2021,1º,Grupo Secundário,Conglomerado, ,WESTERN UNION (conglomerado), ,3,0,0,3,1,1, 
2021,1º,Grupo Secundário,Banco/financeira,23862762,"WILL FINANCEIRA S.A. CRÉDITO, FINANCIAMENTO E INVESTIMENTO", ,16,15,17,48,1548186,1546806,314656
2021,1º,Grupo Secundário,Conglomerado, ,YAMAHA MOTOR (conglomerado), ,6,4,7,17,197837,61,197782
2021,2º,Demais bancos e financeiras,Conglomerado, ,ABC-BRASIL (conglomerado), ,0,2,0,2,28022,26485,3921
2021,2º,Demais bancos e financeiras,Conglomerado, ,AGIBANK (conglomerado),"59,49",68,205,84,357,1142941,868256,756080
2021,2º,Demais bancos e financeiras,Banco/financeira,36321990,"AGORACRED S/A SOCIEDADE DE CRÉDITO, FINANCIAMENTO E INVESTIMENTO", ,2,4,1,7,433738,130,433608
2021,2º,Demais bancos e financeiras,Banco/financeira,27214112,"AL5 S.A. CRÉDITO, FINANCIAMENTO E INVESTIMENTO", ,1,1,1,3,15074,6675,11288
2021,2º,Demais bancos e financeiras,Conglomerado, ,ALFA (conglomerado), ,19,32,16,67,416540,268174,149521
2021,2º,Demais bancos e financeiras,Conglomerado, ,ANDBANK (conglomerado), ,0,2,3,5,4320,4320,44
2021,2º,Demais bancos e financeiras,Banco/financeira,3532415,BANCO ABN AMRO S.A., ,0,0,1,1,76,54,23
2021,2º,Demais bancos e financeiras,Banco/financeira,54403563,BANCO ARBI S.A., ,6,3,2,11,19525,11177,8411
2021,2º,Demais bancos e financeiras,Banco/financeira,15173776,BANCO CAPITAL S.A., ,0,1,0,1,1354,1312,124
2021,2º,Demais bancos e financeiras,Banco/financeira,2992446,BANCO CNH INDUSTRIAL CAPITAL S.A., ,0,0,1,1,27828,1237,26867
2021,2º,Demais bancos e financeiras,Banco/financeira,8357240,BANCO CSF S.A.,"26,30",192,93,73,358,7297674, ,7297674
2021,2º,Demais bancos e financeiras,Banco/financeira,4902979,BANCO DA AMAZONIA S.A., ,2,6,12,20,548402,468836,194802
2021,2º,Demais bancos e financeiras,Banco/financeira,5040481,BANCO DE LAGE LANDEN BRASIL S.A., ,0,0,1,1,36294,3,36292
2021,2º,Demais bancos e financeiras,Banco/financeira,92874270,BANCO DIGIMAIS S.A.,"212,14",79,23,26,128,372393,238155,195709
2021,2º,Demais bancos e financeiras,Banco/financeira,27098060,BANCO DIGIO S.A.,"18,73",30,64,41,135,1601177,827359,1355127
2021,2º,Demais bancos e financeiras,Banco/financeira,13009717,BANCO DO ESTADO DE SERGIPE S.A., ,18,20,14,52,1074923,837994,605860
2021,2º,Demais bancos e financeiras,Banco/financeira,4913711,BANCO DO ESTADO DO PARÁ S.A.,"33,77",30,23,15,68,888326,764874,396722
2021,2º,Demais bancos e financeiras,Banco/financeira,7237373,BANCO DO NORDESTE DO BRASIL S.A., ,27,23,30,80,8679633,8095479,3223472
2021,2º,Demais bancos e financeiras,Banco/financeira,58616418,BANCO FIBRA S.A., ,0,2,3,5,163669,4032,160187
2021,2º,Demais bancos e financeiras,Banco/financeira,62237425,BANCO FIDIS S/A, ,0,2,0,2,5972,183,5807
2021,2º,Demais bancos e financeiras,Banco/financeira,90731688,BANCO FORD S.A., ,0,1,1,2,341,147,205
2021,2º,Demais bancos e financeiras,Banco/financeira,4866275,BANCO INBURSA S.A., ,3,1,3,7,12478,11,12467
2021,2º,Demais bancos e financeiras,Banco/financeira,91884981,BANCO JOHN DEERE S.A., ,1,1,0,2,14199,254,14008
2021,2º,Demais bancos e financeiras,Banco/financeira,59118133,BANCO LUSO BRASILEIRO S.A., ,1,0,0,1,9668,4682,5351
2021,2º,Demais bancos e financeiras,Banco/financeira,78632767,BANCO OURINVEST S.A., ,0,2,0,2,44303,41822,2504
2021,2º,Demais bancos e financeiras,Banco/financeira,61820817,BANCO PAULISTA S.A., ,0,0,2,2,27172,7769,19666
2021,2º,Demais bancos e financeiras,Banco/financeira,795423,BANCO SEMEAR S.A., ,3,4,2,9,282882,3185,279988
2021,2º,Demais bancos e financeiras,Banco/financeira,11970623,BANCO SENFF S.A., ,4,12,4,20,89047,15993,73551
2021,2º,Demais bancos e financeiras,Conglomerado, ,BANCO SICOOB (conglomerado), ,8,11,11,30,4794630,2308218,3042206
2021,2º,Demais bancos e financeiras,Banco/financeira,60518222,BANCO SUMITOMO MITSUI BRASILEIRO S.A., ,0,0,1,1,1063,1023,126
2021,2º,Demais bancos e financeiras,Banco/financeira,7679404,BANCO TOPÁZIO S.A., ,6,3,1,10,36623,15733,22906
2021,2º,Demais bancos e financeiras,Banco/financeira,3215790,BANCO TOYOTA DO BRASIL S.A., ,4,1,8,13,159896,15262,145562
2021,2º,Demais bancos e financeiras,Banco/financeira,17351180,BANCO TRIANGULO S.A., ,15,3,10,28,1995911,293864,1829315
2021,2º,Demais bancos e financeiras,Conglomerado, ,BANESTES (conglomerado), ,27,18,21,66,1333666,1283821,475598
2021,2º,Demais bancos e financeiras,Conglomerado, ,BANRISUL (conglomerado),"37,20",188,365,107,660,5052830,3715613,3951732
2021,2º,Demais bancos e financeiras,Conglomerado, ,BARIGUI (conglomerado), ,16,14,12,42,99110,71651,34901
2021,2º,Top 10 - Bancos e Financeiras,Conglomerado, ,BB (conglomerado),"21,09",1456,1880,1846,5182,69010996,64888224,30699885
2021,2º,Demais bancos e financeiras,Banco/financeira,20443996,"BECKER FINANCEIRA S.A. - CRÉDITO, FINANCIAMENTO E INVESTIMENTO", ,0,0,1,1,119246,8,119241
2021,2º,Demais bancos e financeiras,Conglomerado, ,BMG (conglomerado),"101,86",795,669,264,1728,7804650,4171643,5102142
2021,2º,Demais bancos e financeiras,Conglomerado, ,BMW (conglomerado), ,0,0,2,2,27683,25442,21342
2021,2º,Demais bancos e financeiras,Conglomerado, ,BNP PARIBAS (conglomerado),"192,10",456,268,94,818,2373655,11796,2362365
2021,2º,Demais bancos e financeiras,Conglomerado, ,BOFA MERRILL LYNCH (conglomerado), ,0,1,0,1,4484,4477,103
2021,2º,Top 10 - Bancos e Financeiras,Conglomerado, ,BRADESCO (conglomerado),"25,33",2515,4076,3048,9639,99260817,90494990,43726399
2021,2º,Demais bancos e financeiras,Conglomerado, ,BRB (conglomerado),"103,70",182,257,363,802,1754926,1641288,824217
2021,2º,Top 10 - Bancos e Financeiras,Conglomerado, ,BTG PACTUAL/BANCO PAN (conglomerado),"103,44",1301,1352,977,3630,12576773,6775722,7288816
2021,2º,Demais bancos e financeiras,Conglomerado, ,C6 BANK (conglomerado),"433,76",3672,1335,763,5770,8465478,7373617,2346096
2021,2º,Top 10 - Bancos e Financeiras,Conglomerado, ,CAIXA ECONÔMICA FEDERAL (conglomerado),"32,13",4681,5868,5457,16006,145684233,144161902,23113938
2021,2º,Demais bancos e financeiras,Banco/financeira,9313766,"CARUANA S.A. - SOCIEDADE DE CRÉDITO, FINANCIAMENTO E INVESTIMENTO", ,2,3,5,10,75187,69362,11217
2021,2º,Demais bancos e financeiras,Conglomerado, ,CCB (conglomerado), ,7,111,11,129,216849,3711,213723
2021,2º,Demais bancos e financeiras,Conglomerado, ,CITIBANK (conglomerado), ,0,2,1,3,17853,16946,1807
2021,2º,Demais bancos e financeiras,Conglomerado, ,COLOMBO (conglomerado), ,0,2,0,2,339230,29,339215
2021,2º,Demais bancos e financeiras,Conglomerado, ,CREFISA (conglomerado),"24,89",61,258,35,354,2450772,1373583,1571876
2021,2º,Demais bancos e financeiras,Conglomerado, ,DAYCOVAL (conglomerado),"777,01",1004,530,122,1656,1292129,150778,1171932
2021,2º,Demais bancos e financeiras,Banco/financeira,15581638,FACTA FINANCEIRA S.A. - CRÉDITO FINANCIAMENTO E INVESTIMENTO,"555,73",89,269,19,377,160147,667,159483
2021,2º,Demais bancos e financeiras,Banco/financeira,36583700,"FC FINANCEIRA S.A. - CRÉDITO, FINANCIAMENTO E INVESTIMENTO", ,1,0,2,3,5554, ,5554
2021,2º,Demais bancos e financeiras,Banco/financeira,411939,"FINAMAX S.A. - CREDITO, FINANCIAMENTO E INVESTIMENTO", ,0,2,4,6,85499,1689,83865
2021,2º,Demais bancos e financeiras,Conglomerado, ,GAZIN (conglomerado), ,0,0,1,1,35777,292,35512
2021,2º,Demais bancos e financeiras,Conglomerado, ,GENIAL (conglomerado), ,16,4,3,23,106974,106969,39
2021,2º,Demais bancos e financeiras,Conglomerado, ,GM (conglomerado), ,8,19,14,41,297112,470,296722
2021,2º,Demais bancos e financeiras,Conglomerado, ,GRUPO BONSUCESSO - BS2 (conglomerado),"155,90",132,170,75,377,846668,841035,16924
2021,2º,Demais bancos e financeiras,Conglomerado, ,GRUPO ZEMA (conglomerado), ,1,3,3,7,445945,574,445387
2021,2º,Demais bancos e financeiras,Conglomerado, ,HERVAL - HS (conglomerado), ,5,3,5,13,219304,21827,201401
2021,2º,Demais bancos e financeiras,Conglomerado, ,HONDA (conglomerado), ,6,5,9,20,436893,97,436869
2021,2º,Demais bancos e financeiras,Conglomerado, ,INDUSTRIAL DO BRASIL (conglomerado), ,13,12,4,29,64088,4461,60409
2021,2º,Top 10 - Bancos e Financeiras,Conglomerado, ,INTER (conglomerado),"66,79",766,652,368,1786,11467628,11343042,1758019
2021,2º,Top 10 - Bancos e Financeiras,Conglomerado, ,ITAU (conglomerado),"17,59",1508,3312,1707,6527,85710724,67286470,49517795
2021,2º,Demais bancos e financeiras,Banco/financeira,4230630,"JBCRED S.A. SOCIEDADE DE CREDITO, FINANCIAMENTO E INVESTIMENTO", ,2,4,8,14,51049, ,51049
2021,2º,Demais bancos e financeiras,Banco/financeira,11271860,"LEBES FINANCEIRA S.A. - CRÉDITO, FINANCIAMENTO E INVESTIMENTO", ,2,0,0,2,248335,4,248331
2021,2º,Demais bancos e financeiras,Conglomerado, ,LECCA (conglomerado), ,2,0,1,3,26488,382,26107
2021,2º,Demais bancos e financeiras,Banco/financeira,7747410,M PAGAMENTOS S.A. - CRÉDITO FINANCIAMENTO E INVESTIMENTO, ,3,0,4,7,565126, ,565126
2021,2º,Demais bancos e financeiras,Conglomerado, ,MASTER (conglomerado),"811,55",80,69,19,168,98576,4627,94106
2021,2º,Demais bancos e financeiras,Conglomerado, ,MERCADO CRÉDITO (conglomerado), ,0,0,1,1,24423, ,24423
2021,2º,Demais bancos e financeiras,Conglomerado, ,MERCANTIL DO BRASIL (conglomerado),"136,69",506,120,89,715,3701652,3094835,1793853
2021,2º,Demais bancos e financeiras,Conglomerado, ,MERCEDES-BENZ (conglomerado), ,0,0,6,6,20275,298,20052
2021,2º,Top 10 - Bancos e Financeiras,Banco/financeira,9464032,"MIDWAY S.A. - CRÉDITO, FINANCIAMENTO E INVESTIMENTO","2,45",26,78,57,161,10604729,15784,10597182
2021,2º,Demais bancos e financeiras,Conglomerado, ,MODAL (conglomerado), ,6,37,24,67,1153324,1153187,26671
2021,2º,Demais bancos e financeiras,Banco/financeira,4379829,"NEGRESCO S.A. - CREDITO, FINANCIAMENTO E INVESTIMENTOS", ,0,2,1,3,427479,675,426804
2021,2º,Demais bancos e financeiras,Banco/financeira,74828799,NOVO BANCO CONTINENTAL S.A. - BANCO MÚLTIPLO, ,13,51,0,64,94773,3107,92103
2021,2º,Top 10 - Bancos e Financeiras,Conglomerado, ,NUBANK (conglomerado),,0,12,13,25,17916854,16551605,2682699
2021,2º,Demais bancos e financeiras,Conglomerado, ,OMNI (conglomerado), ,21,60,58,139,4908486,146058,4773941
2021,2º,Demais bancos e financeiras,Conglomerado, ,ORIGINAL (conglomerado),"67,64",320,350,286,956,4730387,4021930,1350520
2021,2º,Demais bancos e financeiras,Conglomerado, ,PAGBANK-PAGSEGURO (conglomerado), ,7,6,0,13,3013459,3008456,5432
2021,2º,Demais bancos e financeiras,Conglomerado, ,PARANÁ BANCO (conglomerado),"181,00",88,252,46,386,486166,9815,476614
2021,2º,Demais bancos e financeiras,Banco/financeira,3311443,"PARATI - CREDITO, FINANCIAMENTO E INVESTIMENTO S.A.", ,28,9,2,39,1616, ,1616
2021,2º,Demais bancos e financeiras,Banco/financeira,43180355,"PEFISA S.A. - CRÉDITO, FINANCIAMENTO E INVESTIMENTO","17,46",115,50,27,192,6583040,6167980,2911088
2021,2º,Demais bancos e financeiras,Conglomerado, ,PINE (conglomerado), ,0,0,2,2,13502,10883,3284
2021,2º,Demais bancos e financeiras,Conglomerado, ,PORTO SEGURO (conglomerado),"20,57",59,96,49,204,2867211, ,2867211
2021,2º,Demais bancos e financeiras,Banco/financeira,1800019,"PORTOCRED S.A. - CREDITO, FINANCIAMENTO E INVESTIMENTO", ,29,39,17,85,226210,3382,222831
2021,2º,Demais bancos e financeiras,Banco/financeira,27351731,"REALIZE CRÉDITO, FINANCIAMENTO E INVESTIMENTO S.A.", ,26,49,28,103,4814788,48,4814765
2021,2º,Demais bancos e financeiras,Conglomerado, ,RENDIMENTO (conglomerado), ,3,13,0,16,25046,21084,6538
2021,2º,Demais bancos e financeiras,Conglomerado, ,RODOBENS (conglomerado), ,1,1,3,5,14012,1661,12750
2021,2º,Demais bancos e financeiras,Conglomerado, ,SAFRA (conglomerado),"188,09",639,832,436,1907,3397199,1684220,1967050
2021,2º,Demais bancos e financeiras,Banco/financeira,5503849,"SANTANA S.A. - CRÉDITO, FINANCIAMENTO E INVESTIMENTO", ,0,2,2,4,29406,1253,28155
2021,2º,Top 10 - Bancos e Financeiras,Conglomerado, ,SANTANDER (conglomerado),"28,88",1514,3182,2032,6728,52415407,43972399,26478061
2021,2º,Demais bancos e financeiras,Conglomerado, ,SICREDI (conglomerado), ,0,0,4,4,5841394,5821054,180304
2021,2º,Demais bancos e financeiras,Conglomerado, ,SIMPALA (conglomerado), ,1,0,0,1,2271,20,2251
2021,2º,Demais bancos e financeiras,Conglomerado, ,SINOSSERRA (conglomerado), ,1,0,0,1,9729,99,9636
2021,2º,Demais bancos e financeiras,Conglomerado, ,SOCIETE GENERALE (conglomerado), ,0,1,0,1,670,552,161
2021,2º,Demais bancos e financeiras,Banco/financeira,3881423,"SOCINAL S.A. - CRÉDITO, FINANCIAMENTO E INVESTIMENTO", ,1,5,9,15,1992,467,1525
2021,2º,Demais bancos e financeiras,Conglomerado, ,SOFISA (conglomerado),"119,21",41,9,20,70,343924,334626,16236
2021,2º,Demais bancos e financeiras,Conglomerado, ,SOROCRED (conglomerado), ,7,28,23,58,602379,1090,601342
2021,2º,Demais bancos e financeiras,Banco/financeira,5192316,"VIA CERTA FINANCIADORA S.A. - CRÉDITO, FINANCIAMENTO E INVESTIMENTOS", ,1,3,2,6,407511,1010,406505
2021,2º,Demais bancos e financeiras,Conglomerado, ,VOITER (conglomerado), ,0,3,1,4,5810,5261,840
2021,2º,Demais bancos e financeiras,Conglomerado, ,VOLKSWAGEN (conglomerado),"95,31",35,22,55,112,367195,945,366420
2021,2º,Demais bancos e financeiras,Conglomerado, ,VOLVO (conglomerado), ,0,0,2,2,7220,92,7169
2021,2º,Top 10 - Bancos e Financeiras,Conglomerado, ,VOTORANTIM (conglomerado),"4,64",78,394,277,749,16774345,13340345,4830730
2021,2º,Demais bancos e financeiras,Conglomerado, ,VR (conglomerado), ,1,0,0,1,70,53,18
2021,2º,Demais bancos e financeiras,Conglomerado, ,WESTERN UNION (conglomerado), ,1,3,0,4,1,1, 
2021,2º,Demais bancos e financeiras,Banco/financeira,23862762,"WILL FINANCEIRA S.A. CRÉDITO, FINANCIAMENTO E INVESTIMENTO","26,70",46,9,16,71,1722341,1721730,406890
2021,2º,Demais bancos e financeiras,Conglomerado, ,XP (conglomerado), ,11,2,8,21, , , 
2021,2º,Demais bancos e financeiras,Conglomerado, ,YAMAHA MOTOR (conglomerado), ,4,4,7,15,204014,77,203946
2021,3º,Demais bancos e financeiras,Conglomerado, ,ABC-BRASIL (conglomerado), ,1,2,1,4,29707,28217,4009
2021,3º,Demais bancos e financeiras,Conglomerado, ,AGIBANK (conglomerado),"82,54",109,296,107,512,1320447,999951,873341
2021,3º,Demais bancos e financeiras,Banco/financeira,36321990,"AGORACRED S/A SOCIEDADE DE CRÉDITO, FINANCIAMENTO E INVESTIMENTO", ,3,1,2,6,453405,130,453275
2021,3º,Demais bancos e financeiras,Banco/financeira,27214112,"AL5 S.A. CRÉDITO, FINANCIAMENTO E INVESTIMENTO", ,4,0,6,10,18217,9981,11683
2021,3º,Demais bancos e financeiras,Conglomerado, ,ALFA (conglomerado), ,13,61,11,85,420486,268221,153423
2021,3º,Demais bancos e financeiras,Conglomerado, ,ANDBANK (conglomerado), ,0,3,3,6,4369,4369,48
2021,3º,Demais bancos e financeiras,Banco/financeira,3532415,BANCO ABN AMRO S.A., ,0,0,1,1,41,41,1
2021,3º,Demais bancos e financeiras,Banco/financeira,54403563,BANCO ARBI S.A., ,1,9,1,11,28673,20319,8520
2021,3º,Demais bancos e financeiras,Banco/financeira,33132044,BANCO CEDULA S.A., ,0,1,0,1,18022,2815,15434
2021,3º,Demais bancos e financeiras,Banco/financeira,2992446,BANCO CNH INDUSTRIAL CAPITAL S.A., ,0,0,1,1,28309,1234,27347
2021,3º,Demais bancos e financeiras,Banco/financeira,8357240,BANCO CSF S.A.,"14,94",111,89,59,259,7425297, ,7425297
2021,3º,Demais bancos e financeiras,Banco/financeira,4902979,BANCO DA AMAZONIA S.A., ,2,4,8,14,551874,473802,194373
2021,3º,Demais bancos e financeiras,Banco/financeira,10690848,BANCO DA CHINA BRASIL S.A., ,1,0,0,1,481,457,39
2021,3º,Demais bancos e financeiras,Banco/financeira,33042151,BANCO DE LA NACION ARGENTINA, ,0,1,0,1,256,244,21
2021,3º,Demais bancos e financeiras,Banco/financeira,92874270,BANCO DIGIMAIS S.A.,"258,94",102,28,34,164,393906,266246,192853
2021,3º,Demais bancos e financeiras,Banco/financeira,27098060,BANCO DIGIO S.A.,"31,05",58,108,71,237,1867547,1096662,1553737
2021,3º,Demais bancos e financeiras,Banco/financeira,13009717,BANCO DO ESTADO DE SERGIPE S.A., ,10,23,17,50,1082245,831407,621508
2021,3º,Demais bancos e financeiras,Banco/financeira,4913711,BANCO DO ESTADO DO PARÁ S.A.,"42,87",39,23,23,85,909670,786497,405982
2021,3º,Demais bancos e financeiras,Banco/financeira,7237373,BANCO DO NORDESTE DO BRASIL S.A., ,13,23,37,73,8844660,8261233,3268835
2021,3º,Demais bancos e financeiras,Banco/financeira,58616418,BANCO FIBRA S.A., ,0,0,1,1,163670,4092,160152
2021,3º,Demais bancos e financeiras,Banco/financeira,62237425,BANCO FIDIS S/A, ,0,7,4,11,4661,147,4533
2021,3º,Demais bancos e financeiras,Banco/financeira,53518684,BANCO HSBC S.A., ,0,0,2,2,3087,3074,58
2021,3º,Demais bancos e financeiras,Banco/financeira,4866275,BANCO INBURSA S.A., ,5,5,5,15,14726,9,14717
2021,3º,Demais bancos e financeiras,Banco/financeira,78632767,BANCO OURINVEST S.A., ,5,2,0,7,50060,47319,2771
2021,3º,Demais bancos e financeiras,Banco/financeira,61820817,BANCO PAULISTA S.A., ,1,0,2,3,28238,7793,20692
2021,3º,Demais bancos e financeiras,Banco/financeira,795423,BANCO SEMEAR S.A., ,2,2,0,4,270979,3638,267795
2021,3º,Demais bancos e financeiras,Banco/financeira,11970623,BANCO SENFF S.A., ,1,4,1,6,109166,40042,70102
2021,3º,Demais bancos e financeiras,Conglomerado, ,BANCO SICOOB (conglomerado), ,21,26,6,53,5047970,2390217,3240987
2021,3º,Demais bancos e financeiras,Banco/financeira,7679404,BANCO TOPÁZIO S.A., ,4,5,2,11,43686,15291,30304
2021,3º,Demais bancos e financeiras,Banco/financeira,3215790,BANCO TOYOTA DO BRASIL S.A., ,1,4,3,8,155981,15264,141643
2021,3º,Demais bancos e financeiras,Banco/financeira,17351180,BANCO TRIANGULO S.A., ,10,15,6,31,2025332,439855,1847196
2021,3º,Demais bancos e financeiras,Conglomerado, ,BANESTES (conglomerado), ,17,35,21,73,1345235,1295217,477798
2021,3º,Demais bancos e financeiras,Conglomerado, ,BANRISUL (conglomerado),"37,68",190,550,115,855,5041288,3714546,3937433
2021,3º,Demais bancos e financeiras,Conglomerado, ,BARIGUI (conglomerado), ,19,32,21,72,172348,144592,45355
2021,3º,Top 10 - Bancos e Financeiras,Conglomerado, ,BB (conglomerado),"16,79",1180,2361,2288,5829,70259170,65432728,31696455
2021,3º,Demais bancos e financeiras,Banco/financeira,45283173,BBVA BRASIL BANCO DE INVESTIMENTO S.A., ,0,0,1,1,0,0,0
2021,3º,Demais bancos e financeiras,Banco/financeira,11285104,"BIORC FINANCEIRA - CRÉDITO, FINANCIAMENTO E INVESTIMENTO S.A.", ,0,0,1,1,18321,251,18070
2021,3º,Demais bancos e financeiras,Conglomerado, ,BMG (conglomerado),"106,63",868,1268,262,2398,8140173,4751592,5008921
2021,3º,Demais bancos e financeiras,Conglomerado, ,BMW (conglomerado), ,0,0,1,1,28019,25950,21412
2021,3º,Demais bancos e financeiras,Conglomerado, ,BNP PARIBAS (conglomerado),"125,22",286,493,117,896,2283925,11993,2272412
2021,3º,Demais bancos e financeiras,Conglomerado, ,BOFA MERRILL LYNCH (conglomerado), ,0,1,1,2,4782,4777,107
2021,3º,Top 10 - Bancos e Financeiras,Conglomerado, ,BRADESCO (conglomerado),"36,03",3613,4188,2892,10693,100264792,91440415,43363537
2021,3º,Demais bancos e financeiras,Conglomerado, ,BRB (conglomerado),"50,95",148,197,351,696,2904792,2790333,1380307
2021,3º,Demais bancos e financeiras,Banco/financeira,12865507,"BRK S.A. CRÉDITO, FINANCIAMENTO E INVESTIMENTO", ,0,0,1,1,6482,715,5970
2021,3º,Top 10 - Bancos e Financeiras,Conglomerado, ,BTG PACTUAL/BANCO PAN (conglomerado),"65,83",1004,1372,685,3061,15250442,9574292,7935699
2021,3º,Top 10 - Bancos e Financeiras,Conglomerado, ,C6 BANK (conglomerado),"149,45",1651,1425,749,3825,11046743,9885015,3341379
2021,3º,Top 10 - Bancos e Financeiras,Conglomerado, ,CAIXA ECONÔMICA FEDERAL (conglomerado),"22,36",3264,4303,4305,11872,145914729,144407266,23490184
2021,3º,Demais bancos e financeiras,Banco/financeira,9313766,"CARUANA S.A. - SOCIEDADE DE CRÉDITO, FINANCIAMENTO E INVESTIMENTO", ,2,2,3,7,76719,70930,16272
2021,3º,Demais bancos e financeiras,Conglomerado, ,CCB (conglomerado), ,24,122,14,160,205490,3702,202355
2021,3º,Demais bancos e financeiras,Conglomerado, ,CITIBANK (conglomerado), ,1,5,6,12,18294,17394,1809
2021,3º,Demais bancos e financeiras,Conglomerado, ,COLOMBO (conglomerado), ,2,4,0,6,345089,30,345072
2021,3º,Demais bancos e financeiras,Conglomerado, ,CREFISA (conglomerado),"24,02",64,133,57,254,2663580,1577219,1594966
2021,3º,Demais bancos e financeiras,Conglomerado, ,DAYCOVAL (conglomerado),"255,32",332,552,63,947,1300297,160302,1173219
2021,3º,Demais bancos e financeiras,Banco/financeira,15581638,FACTA FINANCEIRA S.A. - CRÉDITO FINANCIAMENTO E INVESTIMENTO,"458,43",131,272,25,428,285752,681,285077
2021,3º,Demais bancos e financeiras,Conglomerado, ,FATOR (conglomerado), ,0,0,1,1,13744,13740,19
2021,3º,Demais bancos e financeiras,Banco/financeira,36583700,"FC FINANCEIRA S.A. - CRÉDITO, FINANCIAMENTO E INVESTIMENTO", ,1,1,0,2,11153, ,11153
2021,3º,Demais bancos e financeiras,Banco/financeira,411939,"FINAMAX S.A. - CREDITO, FINANCIAMENTO E INVESTIMENTO", ,0,1,4,5,85526,1653,83930
2021,3º,Demais bancos e financeiras,Conglomerado, ,GENIAL (conglomerado), ,10,3,1,14,208540,208535,44
2021,3º,Demais bancos e financeiras,Conglomerado, ,GM (conglomerado), ,1,10,9,20,274480,483,274083
2021,3º,Demais bancos e financeiras,Conglomerado, ,GRUPO BONSUCESSO - BS2 (conglomerado),"95,86",86,136,55,277,897134,892175,16308
2021,3º,Demais bancos e financeiras,Conglomerado, ,GRUPO ZEMA (conglomerado), ,1,4,4,9,461496,577,460937
2021,3º,Demais bancos e financeiras,Conglomerado, ,HERVAL - HS (conglomerado), ,10,1,3,14,219957,22813,202041
2021,3º,Demais bancos e financeiras,Conglomerado, ,HONDA (conglomerado), ,5,7,7,19,428225,106,428199
2021,3º,Demais bancos e financeiras,Banco/financeira,17453575,ICBC DO BRASIL BANCO MÚLTIPLO S.A., ,0,1,0,1,187,175,24
2021,3º,Demais bancos e financeiras,Conglomerado, ,INDUSTRIAL DO BRASIL (conglomerado), ,10,18,4,32,63911,4519,60187
2021,3º,Top 10 - Bancos e Financeiras,Conglomerado, ,INTER (conglomerado),"55,99",746,732,298,1776,13323223,13217210,1954815
2021,3º,Top 10 - Bancos e Financeiras,Conglomerado, ,ITAU (conglomerado),"15,05",1318,3194,2338,6850,87568455,68959837,50906457
2021,3º,Demais bancos e financeiras,Banco/financeira,4230630,"JBCRED S.A. SOCIEDADE DE CREDITO, FINANCIAMENTO E INVESTIMENTO", ,0,6,1,7,52001, ,52001
2021,3º,Demais bancos e financeiras,Banco/financeira,11271860,"LEBES FINANCEIRA S.A. - CRÉDITO, FINANCIAMENTO E INVESTIMENTO", ,1,2,0,3,249991,4,249987
2021,3º,Demais bancos e financeiras,Conglomerado, ,LECCA (conglomerado), ,3,4,2,9,27668,330,27340
2021,3º,Demais bancos e financeiras,Banco/financeira,7747410,M PAGAMENTOS S.A. - CRÉDITO FINANCIAMENTO E INVESTIMENTO, ,3,6,5,14,626141, ,626141
2021,3º,Demais bancos e financeiras,Conglomerado, ,MASTER (conglomerado),"2.055,01",223,77,17,317,108515,5657,103039
2021,3º,Demais bancos e financeiras,Conglomerado, ,MERCADO CRÉDITO (conglomerado), ,0,0,1,1,47984, ,47984
2021,3º,Demais bancos e financeiras,Conglomerado, ,MERCANTIL DO BRASIL (conglomerado),"122,14",467,228,106,801,3823232,3235072,1856560
2021,3º,Demais bancos e financeiras,Conglomerado, ,MERCEDES-BENZ (conglomerado), ,0,1,1,2,20203,341,19944
2021,3º,Demais bancos e financeiras,Banco/financeira,9464032,"MIDWAY S.A. - CRÉDITO, FINANCIAMENTO E INVESTIMENTO", ,22,102,52,176,10572319,286354,10523154
2021,3º,Demais bancos e financeiras,Conglomerado, ,MODAL (conglomerado), ,21,31,8,60,1304283,1304119,33167
2021,3º,Demais bancos e financeiras,Banco/financeira,4379829,"NEGRESCO S.A. - CREDITO, FINANCIAMENTO E INVESTIMENTOS", ,0,1,0,1,434448,677,433771
2021,3º,Demais bancos e financeiras,Banco/financeira,74828799,NOVO BANCO CONTINENTAL S.A. - BANCO MÚLTIPLO, ,5,29,0,34,99651,3135,96953
2021,3º,Top 10 - Bancos e Financeiras,Conglomerado, ,NUBANK (conglomerado),"0,13",3,18,17,38,22267718,20581767,3601628
2021,3º,Demais bancos e financeiras,Conglomerado, ,OMNI (conglomerado), ,17,60,67,144,5281196,165744,5129818
2021,3º,Demais bancos e financeiras,Conglomerado, ,ORIGINAL (conglomerado),"47,03",265,369,212,846,5634279,4365122,2051035
2021,3º,Demais bancos e financeiras,Conglomerado, ,PAGBANK-PAGSEGURO (conglomerado), ,5,4,2,11,3342281,3335727,7063
2021,3º,Demais bancos e financeiras,Conglomerado, ,PARANÁ BANCO (conglomerado),"193,45",94,412,20,526,485895,10034,476123
2021,3º,Demais bancos e financeiras,Banco/financeira,3311443,"PARATI - CREDITO, FINANCIAMENTO E INVESTIMENTO S.A.","14.015,05",54,21,1,76,3853, ,3853
2021,3º,Demais bancos e financeiras,Banco/financeira,43180355,"PEFISA S.A. - CRÉDITO, FINANCIAMENTO E INVESTIMENTO","12,79",87,59,22,168,6798337,6588214,2507474
2021,3º,Demais bancos e financeiras,Conglomerado, ,PINE (conglomerado), ,3,3,0,6,12869,10925,2618
2021,3º,Demais bancos e financeiras,Conglomerado, ,PORTO SEGURO (conglomerado),"18,21",55,69,62,186,3019992, ,3019992
2021,3º,Demais bancos e financeiras,Banco/financeira,1800019,"PORTOCRED S.A. - CREDITO, FINANCIAMENTO E INVESTIMENTO", ,19,32,17,68,225158,1,225157
2021,3º,Demais bancos e financeiras,Banco/financeira,27351731,"REALIZE CRÉDITO, FINANCIAMENTO E INVESTIMENTO S.A.", ,10,39,21,70,4873514,51,4873489
2021,3º,Demais bancos e financeiras,Conglomerado, ,RENDIMENTO (conglomerado), ,1,10,1,12,26068,22168,6473
2021,3º,Demais bancos e financeiras,Conglomerado, ,RODOBENS (conglomerado), ,1,1,1,3,14845,1609,13625
2021,3º,Demais bancos e financeiras,Conglomerado, ,SAFRA (conglomerado),"103,36",442,932,408,1782,4276210,1938760,2638051
2021,3º,Demais bancos e financeiras,Banco/financeira,5503849,"SANTANA S.A. - CRÉDITO, FINANCIAMENTO E INVESTIMENTO", ,0,1,0,1,29858,1259,28602
2021,3º,Top 10 - Bancos e Financeiras,Conglomerado, ,SANTANDER (conglomerado),"29,19",1558,3646,2031,7235,53358153,45593473,25859687
2021,3º,Demais bancos e financeiras,Banco/financeira,122327,"SANTINVEST S.A. - CREDITO, FINANCIAMENTO E INVESTIMENTOS", ,1,4,0,5,14007,592,13415
2021,3º,Demais bancos e financeiras,Conglomerado, ,SICREDI (conglomerado), ,0,0,2,2,6101332,6080485,187051
2021,3º,Demais bancos e financeiras,Conglomerado, ,SIMPALA (conglomerado), ,1,0,1,2,2883,25,2858
2021,3º,Demais bancos e financeiras,Conglomerado, ,SOCIETE GENERALE (conglomerado), ,0,1,0,1,534,418,159
2021,3º,Demais bancos e financeiras,Banco/financeira,3881423,"SOCINAL S.A. - CRÉDITO, FINANCIAMENTO E INVESTIMENTO", ,1,3,7,11,2088,460,1628
2021,3º,Demais bancos e financeiras,Conglomerado, ,SOFISA (conglomerado),"90,68",37,21,19,77,407986,398001,17484
2021,3º,Demais bancos e financeiras,Conglomerado, ,SOROCRED (conglomerado), ,14,28,10,52,248801,1076,247735
2021,3º,Demais bancos e financeiras,Banco/financeira,41498340,"TENTOS S.A. CRÉDITO, FINANCIAMENTO E INVESTIMENTO", ,1,0,0,1,129, ,129
2021,3º,Demais bancos e financeiras,Banco/financeira,9473806,"TODESCREDI S/A - CRÉDITO, FINANCIAMENTO E INVESTIMENTO", ,0,0,1,1,37627,11,37616
2021,3º,Demais bancos e financeiras,Banco/financeira,5192316,"VIA CERTA FINANCIADORA S.A. - CRÉDITO, FINANCIAMENTO E INVESTIMENTOS", ,2,3,1,6,405846,1385,404867
2021,3º,Demais bancos e financeiras,Conglomerado, ,VOITER (conglomerado), ,1,2,2,5,5059,4490,841
2021,3º,Demais bancos e financeiras,Conglomerado, ,VOLKSWAGEN (conglomerado), ,21,29,44,94,358084,945,357307
2021,3º,Demais bancos e financeiras,Conglomerado, ,VOLVO (conglomerado), ,0,1,0,1,7212,49,7204
2021,3º,Top 10 - Bancos e Financeiras,Conglomerado, ,VOTORANTIM (conglomerado),"13,90",256,193,225,674,18414652,15132752,5084002
2021,3º,Demais bancos e financeiras,Conglomerado, ,WESTERN UNION (conglomerado), ,2,2,0,4,1,1, 
2021,3º,Demais bancos e financeiras,Banco/financeira,23862762,"WILL FINANCEIRA S.A. CRÉDITO, FINANCIAMENTO E INVESTIMENTO","18,99",35,43,33,111,1842985,1842425,391779
2021,3º,Demais bancos e financeiras,Conglomerado, ,XP (conglomerado),"138,80",42,6,10,58,302591,302459,231155
2021,3º,Demais bancos e financeiras,Conglomerado, ,YAMAHA MOTOR (conglomerado), ,2,2,11,15,210964,88,210884
2021,4º,"Demais Bancos, Financeiras e Instituições de Pagamento",Conglomerado, ,ABC-BRASIL (conglomerado), ,2,0,3,5,33095,31565,4248
2021,4º,"Demais Bancos, Financeiras e Instituições de Pagamento",Banco/financeira,13140088,ACESSO SOLUÇÕES DE PAGAMENTO S.A.,"20,87",42,28,5,75,2011869,2011869, 
2021,4º,"Demais Bancos, Financeiras e Instituições de Pagamento",Conglomerado, ,AGIBANK (conglomerado),"195,92",309,334,76,719,1577152,1224075,996638
2021,4º,"Demais Bancos, Financeiras e Instituições de Pagamento",Banco/financeira,36321990,"AGORACRED S/A SOCIEDADE DE CRÉDITO, FINANCIAMENTO E INVESTIMENTO", ,2,2,1,5,473823,130,473693
2021,4º,"Demais Bancos, Financeiras e Instituições de Pagamento",Banco/financeira,27214112,"AL5 S.A. CRÉDITO, FINANCIAMENTO E INVESTIMENTO", ,2,5,5,12,23421,13123,14355
2021,4º,"Demais Bancos, Financeiras e Instituições de Pagamento",Conglomerado, ,ALFA (conglomerado), ,16,54,12,82,422572,268328,155393
2021,4º,"Demais Bancos, Financeiras e Instituições de Pagamento",Conglomerado, ,ANDBANK (conglomerado), ,0,2,2,4,4376,4376,37
2021,4º,"Demais Bancos, Financeiras e Instituições de Pagamento",Banco/financeira,19540550,ASAAS GESTÃO FINANCEIRA INSTITUIÇÃO DE PAGAMENTO S.A., ,0,3,1,4,249654,249654, 
2021,4º,"Demais Bancos, Financeiras e Instituições de Pagamento",Banco/financeira,3532415,BANCO ABN AMRO S.A., ,0,0,2,2,26,26,1
2021,4º,"Demais Bancos, Financeiras e Instituições de Pagamento",Banco/financeira,54403563,BANCO ARBI S.A., ,8,14,2,24,38372,30210,8698
2021,4º,"Demais Bancos, Financeiras e Instituições de Pagamento",Banco/financeira,33132044,BANCO CEDULA S.A., ,2,0,0,2,18016,2809,15432
2021,4º,"Demais Bancos, Financeiras e Instituições de Pagamento",Banco/financeira,2992446,BANCO CNH INDUSTRIAL CAPITAL S.A., ,0,1,0,1,28397,1230,27318
2021,4º,"Demais Bancos, Financeiras e Instituições de Pagamento",Banco/financeira,8357240,BANCO CSF S.A.,"13,88",102,99,60,261,7348002, ,7348002
2021,4º,"Demais Bancos, Financeiras e Instituições de Pagamento",Banco/financeira,4902979,BANCO DA AMAZONIA S.A., ,1,3,4,8,556710,480440,194083
2021,4º,"Demais Bancos, Financeiras e Instituições de Pagamento",Banco/financeira,10690848,BANCO DA CHINA BRASIL S.A., ,0,1,0,1,528,503,41
2021,4º,"Demais Bancos, Financeiras e Instituições de Pagamento",Banco/financeira,5040481,BANCO DE LAGE LANDEN BRASIL S.A., ,0,1,0,1,34810,3,34808
2021,4º,"Demais Bancos, Financeiras e Instituições de Pagamento",Banco/financeira,92874270,BANCO DIGIMAIS S.A.,"444,90",202,29,55,286,454034,302771,209881
2021,4º,"Demais Bancos, Financeiras e Instituições de Pagamento",Banco/financeira,27098060,BANCO DIGIO S.A.,"67,40",133,97,44,274,1973142,1349497,1500737
2021,4º,"Demais Bancos, Financeiras e Instituições de Pagamento",Banco/financeira,13009717,BANCO DO ESTADO DE SERGIPE S.A., ,29,30,19,78,1094338,827042,642079
2021,4º,"Demais Bancos, Financeiras e Instituições de Pagamento",Banco/financeira,4913711,BANCO DO ESTADO DO PARÁ S.A.,"33,51",31,21,21,73,924951,801524,412094
2021,4º,"Demais Bancos, Financeiras e Instituições de Pagamento",Banco/financeira,7237373,BANCO DO NORDESTE DO BRASIL S.A., ,5,34,26,65,8967632,8384030,3314376
2021,4º,"Demais Bancos, Financeiras e Instituições de Pagamento",Banco/financeira,58616418,BANCO FIBRA S.A., ,1,2,0,3,164195,4262,160535
2021,4º,"Demais Bancos, Financeiras e Instituições de Pagamento",Banco/financeira,31880826,BANCO GUANABARA S.A., ,1,0,0,1,2296,2240,378
2021,4º,"Demais Bancos, Financeiras e Instituições de Pagamento",Banco/financeira,53518684,BANCO HSBC S.A., ,0,3,3,6,3331,3318,71
2021,4º,"Demais Bancos, Financeiras e Instituições de Pagamento",Banco/financeira,4866275,BANCO INBURSA S.A., ,10,18,6,34,19313,9,19304
2021,4º,"Demais Bancos, Financeiras e Instituições de Pagamento",Banco/financeira,23903068,BANCO KOMATSU DO BRASIL S.A., ,0,1,0,1,726,716,700
2021,4º,"Demais Bancos, Financeiras e Instituições de Pagamento",Banco/financeira,59118133,BANCO LUSO BRASILEIRO S.A., ,0,1,0,1,9589,4653,5303
2021,4º,"Demais Bancos, Financeiras e Instituições de Pagamento",Banco/financeira,78632767,BANCO OURINVEST S.A., ,2,2,0,4,88234,85073,3199
2021,4º,"Demais Bancos, Financeiras e Instituições de Pagamento",Banco/financeira,61820817,BANCO PAULISTA S.A., ,2,1,0,3,29632,7826,22077
2021,4º,"Demais Bancos, Financeiras e Instituições de Pagamento",Banco/financeira,1023570,BANCO RABOBANK INTERNATIONAL BRASIL S.A., ,0,1,0,1,3933,3748,1744
2021,4º,"Demais Bancos, Financeiras e Instituições de Pagamento",Banco/financeira,517645,BANCO RIBEIRAO PRETO S.A., ,0,0,1,1,3988,3815,1881
2021,4º,"Demais Bancos, Financeiras e Instituições de Pagamento",Banco/financeira,795423,BANCO SEMEAR S.A., ,5,2,2,9,288254,4042,284806
2021,4º,"Demais Bancos, Financeiras e Instituições de Pagamento",Banco/financeira,11970623,BANCO SENFF S.A., ,3,1,1,5,158470,87682,72863
2021,4º,"Demais Bancos, Financeiras e Instituições de Pagamento",Conglomerado, ,BANCO SICOOB (conglomerado), ,21,26,13,60,5291486,2461788,3440676
2021,4º,"Demais Bancos, Financeiras e Instituições de Pagamento",Banco/financeira,7679404,BANCO TOPÁZIO S.A., ,5,8,0,13,16284,15063,3043
2021,4º,"Demais Bancos, Financeiras e Instituições de Pagamento",Conglomerado, ,BANCO TOYOTA DO BRASIL S.A. (conglomerado), ,2,5,6,13,152990,15267,138627
2021,4º,"Demais Bancos, Financeiras e Instituições de Pagamento",Banco/financeira,17351180,BANCO TRIANGULO S.A., ,10,15,15,40,1977611,565322,1791767
2021,4º,"Demais Bancos, Financeiras e Instituições de Pagamento",Conglomerado, ,BANESTES (conglomerado), ,11,23,12,46,1354013,1303774,478795
2021,4º,"Demais Bancos, Financeiras e Instituições de Pagamento",Conglomerado, ,BANRISUL (conglomerado),"22,86",116,360,80,556,5073507,3715708,3960797
2021,4º,"Demais Bancos, Financeiras e Instituições de Pagamento",Conglomerado, ,BARIGUI (conglomerado),"140,74",36,54,14,104,255790,226379,56600
2021,4º,"Top 15 - Bancos, Financeiras e Instituições de Pagamento",Conglomerado, ,BB (conglomerado),"14,39",1034,2084,1568,4686,71820761,66103224,33139108
2021,4º,"Demais Bancos, Financeiras e Instituições de Pagamento",Conglomerado, ,BBC (conglomerado), ,1,0,0,1,5306, ,5306
2021,4º,"Top 15 - Bancos, Financeiras e Instituições de Pagamento",Conglomerado, ,BMG (conglomerado),"67,87",618,748,167,1533,9105226,5655748,5202772
2021,4º,"Demais Bancos, Financeiras e Instituições de Pagamento",Conglomerado, ,BMW (conglomerado), ,1,0,0,1,29782,27637,21275
2021,4º,"Demais Bancos, Financeiras e Instituições de Pagamento",Conglomerado, ,BNP PARIBAS (conglomerado),"134,90",302,385,61,748,2238538,12083,2226945
2021,4º,"Demais Bancos, Financeiras e Instituições de Pagamento",Conglomerado, ,BNQI - FINANCEIRO (conglomerado), ,29,25,8,62, , , 
2021,4º,"Demais Bancos, Financeiras e Instituições de Pagamento",Conglomerado, ,BOFA MERRILL LYNCH (conglomerado), ,0,1,0,1,4769,4763,107
2021,4º,"Demais Bancos, Financeiras e Instituições de Pagamento",Banco/financeira,13370835,BPP INSTITUIÇÃO DE PAGAMENTO S.A.,"16,85",32,25,4,61,1898746,1898746, 
2021,4º,"Top 15 - Bancos, Financeiras e Instituições de Pagamento",Conglomerado, ,BRADESCO (conglomerado),"25,30",2529,3483,2092,8104,99921260,91285260,44108477
2021,4º,"Demais Bancos, Financeiras e Instituições de Pagamento",Conglomerado, ,BRB (conglomerado),"71,83",261,338,215,814,3633478,3517522,1456857
2021,4º,"Top 15 - Bancos, Financeiras e Instituições de Pagamento",Conglomerado, ,BTG PACTUAL/BANCO PAN (conglomerado),"63,08",1128,1081,547,2756,17880721,11720010,9553219
2021,4º,"Top 15 - Bancos, Financeiras e Instituições de Pagamento",Conglomerado, ,C6 BANK (conglomerado),"106,22",1444,1326,541,3311,13594217,12201000,4405356
2021,4º,"Top 15 - Bancos, Financeiras e Instituições de Pagamento",Conglomerado, ,CAIXA ECONÔMICA FEDERAL (conglomerado),"17,66",2564,3137,2949,8650,145144708,143598185,23841368
2021,4º,"Demais Bancos, Financeiras e Instituições de Pagamento",Banco/financeira,37122487,"CALCRED S.A. - CRÉDITO, FINANCIAMENTO E INVESTIMENTO", ,0,0,1,1,2813, ,2813
2021,4º,"Demais Bancos, Financeiras e Instituições de Pagamento",Banco/financeira,9313766,"CARUANA S.A. - SOCIEDADE DE CRÉDITO, FINANCIAMENTO E INVESTIMENTO", ,4,0,2,6,59274,54298,15589
2021,4º,"Demais Bancos, Financeiras e Instituições de Pagamento",Conglomerado, ,CCB (conglomerado), ,15,101,8,124,194385,3704,191219
2021,4º,"Demais Bancos, Financeiras e Instituições de Pagamento",Banco/financeira,13935893,CELCOIN INSTITUICAO DE PAGAMENTO S.A., ,4,4,6,14,0,0,0
2021,4º,"Demais Bancos, Financeiras e Instituições de Pagamento",Banco/financeira,1027058,CIELO S.A., ,28,23,47,98,122732,122628,104
2021,4º,"Demais Bancos, Financeiras e Instituições de Pagamento",Conglomerado, ,CITIBANK (conglomerado), ,1,6,9,16,18303,17392,1824
2021,4º,"Demais Bancos, Financeiras e Instituições de Pagamento",Conglomerado, ,COBUCCIO (conglomerado), ,6,15,24,45, , , 
2021,4º,"Demais Bancos, Financeiras e Instituições de Pagamento",Conglomerado, ,COLOMBO (conglomerado), ,2,11,0,13,354942,47,354909
2021,4º,"Demais Bancos, Financeiras e Instituições de Pagamento",Conglomerado, ,CRED-SYSTEM (conglomerado), ,21,16,13,50, , , 
2021,4º,"Demais Bancos, Financeiras e Instituições de Pagamento",Banco/financeira,62895230,CREDI-SHOP S/A - INSTITUIÇÃO DE PAGAMENTO, ,0,1,0,1,724468, ,724468
2021,4º,"Demais Bancos, Financeiras e Instituições de Pagamento",Conglomerado, ,CREFISA (conglomerado),"24,21",69,77,39,185,2849908,1742216,1641568
2021,4º,"Demais Bancos, Financeiras e Instituições de Pagamento",Conglomerado, ,DAYCOVAL (conglomerado),"90,80",120,330,42,492,1321554,172698,1185305
2021,4º,"Demais Bancos, Financeiras e Instituições de Pagamento",Banco/financeira,21018182,EBANX INSTITUICAO DE PAGAMENTOS LTDA.,"102,12",48,26,4,78,470025,470023,2
2021,4º,"Demais Bancos, Financeiras e Instituições de Pagamento",Banco/financeira,39321657,FACEBOOK INSTITUIÇÃO DE PAGAMENTO DO BRASIL LTDA., ,0,0,2,2,0,0,0
2021,4º,"Demais Bancos, Financeiras e Instituições de Pagamento",Banco/financeira,15581638,FACTA FINANCEIRA S.A. - CRÉDITO FINANCIAMENTO E INVESTIMENTO,"339,53",156,415,31,602,459457,682,458779
2021,4º,"Demais Bancos, Financeiras e Instituições de Pagamento",Banco/financeira,36583700,"FC FINANCEIRA S.A. - CRÉDITO, FINANCIAMENTO E INVESTIMENTO", ,1,2,0,3,15595, ,15595
2021,4º,"Demais Bancos, Financeiras e Instituições de Pagamento",Banco/financeira,411939,"FINAMAX S.A. - CREDITO, FINANCIAMENTO E INVESTIMENTO", ,0,3,6,9,85821,1630,84240
2021,4º,"Demais Bancos, Financeiras e Instituições de Pagamento",Conglomerado, ,FINAXIS (conglomerado), ,0,1,1,2,3981,3981, 
2021,4º,"Demais Bancos, Financeiras e Instituições de Pagamento",Banco/financeira,13203354,FITBANK PAGAMENTOS ELETRONICOS S.A., ,1,1,0,2,582,582, 
2021,4º,"Demais Bancos, Financeiras e Instituições de Pagamento",Banco/financeira,2732968,FORTBRASIL ADMINISTRADORA DE CARTOES DE CREDITO S/A, ,13,6,5,24,622170, ,622170
2021,4º,"Demais Bancos, Financeiras e Instituições de Pagamento",Conglomerado, ,GAZIN (conglomerado), ,0,1,1,2,40831,314,40562
2021,4º,"Demais Bancos, Financeiras e Instituições de Pagamento",Conglomerado, ,GENIAL (conglomerado), ,16,5,1,22,325801,325797,47
2021,4º,"Demais Bancos, Financeiras e Instituições de Pagamento",Conglomerado, ,GERENCIANET (conglomerado), ,4,10,7,21,260700,260679,1109
2021,4º,"Demais Bancos, Financeiras e Instituições de Pagamento",Conglomerado, ,GM (conglomerado), ,1,14,16,31,258368,489,257965
2021,4º,"Demais Bancos, Financeiras e Instituições de Pagamento",Banco/financeira,6339468,"GRAZZIOTIN FINANCIADORA S/A - CRÉDITO, FINANCIAMENTO E INVESTIMENTOS", ,0,0,1,1,32555,1,32554
2021,4º,"Demais Bancos, Financeiras e Instituições de Pagamento",Conglomerado, ,GRUPO BONSUCESSO - BS2 (conglomerado),"82,51",76,158,25,259,921017,915941,16753
2021,4º,"Demais Bancos, Financeiras e Instituições de Pagamento",Conglomerado, ,GRUPO ZEMA (conglomerado), ,1,3,4,8,463914,582,463351
2021,4º,"Demais Bancos, Financeiras e Instituições de Pagamento",Conglomerado, ,HERVAL - HS (conglomerado), ,7,5,1,13,206484,9685,201867
2021,4º,"Demais Bancos, Financeiras e Instituições de Pagamento",Conglomerado, ,HONDA (conglomerado), ,5,9,5,19,417444,112,417418
2021,4º,"Demais Bancos, Financeiras e Instituições de Pagamento",Banco/financeira,13884775,HUB PAGAMENTOS S.A, ,9,17,3,29,2657176,2657176, 
2021,4º,"Demais Bancos, Financeiras e Instituições de Pagamento",Conglomerado, ,INDUSTRIAL DO BRASIL (conglomerado), ,7,22,4,33,63656,4550,59866
2021,4º,"Top 15 - Bancos, Financeiras e Instituições de Pagamento",Conglomerado, ,INTER (conglomerado),"53,90",818,756,258,1832,15174249,15073017,2457454
2021,4º,"Top 15 - Bancos, Financeiras e Instituições de Pagamento",Conglomerado, ,ITAU (conglomerado),"12,76",1153,2810,1673,5636,90314397,71571940,52704743
2021,4º,"Demais Bancos, Financeiras e Instituições de Pagamento",Banco/financeira,15111975,IUGU INSTITUIÇÃO DE PAGAMENTO S.A., ,1,1,1,3,0,0,0
2021,4º,"Demais Bancos, Financeiras e Instituições de Pagamento",Banco/financeira,4230630,"JBCRED S.A. SOCIEDADE DE CREDITO, FINANCIAMENTO E INVESTIMENTO", ,0,4,3,7,53834, ,53834
2021,4º,"Demais Bancos, Financeiras e Instituições de Pagamento",Banco/financeira,11271860,"LEBES FINANCEIRA S.A. - CRÉDITO, FINANCIAMENTO E INVESTIMENTO", ,1,2,5,8,263553,5,263549
2021,4º,"Demais Bancos, Financeiras e Instituições de Pagamento",Conglomerado, ,LECCA (conglomerado), ,4,2,3,9,29144,273,28872
2021,4º,"Demais Bancos, Financeiras e Instituições de Pagamento",Banco/financeira,7747410,M PAGAMENTOS S.A. - CRÉDITO FINANCIAMENTO E INVESTIMENTO, ,3,8,1,12,552627, ,552627
2021,4º,"Demais Bancos, Financeiras e Instituições de Pagamento",Conglomerado, ,MASTER (conglomerado),"952,93",122,99,15,236,128025,7385,120867
2021,4º,"Top 15 - Bancos, Financeiras e Instituições de Pagamento",Conglomerado, ,MERCADO CRÉDITO (conglomerado),"21,45",590,931,211,1732,27495743,27451306,1760832
2021,4º,"Demais Bancos, Financeiras e Instituições de Pagamento",Conglomerado, ,MERCANTIL DO BRASIL (conglomerado),"75,08",321,200,78,599,4275418,3678354,1920737
2021,4º,"Demais Bancos, Financeiras e Instituições de Pagamento",Conglomerado, ,MERCEDES-BENZ (conglomerado), ,2,0,0,2,19881,406,19557
2021,4º,"Top 15 - Bancos, Financeiras e Instituições de Pagamento",Banco/financeira,9464032,"MIDWAY S.A. - CRÉDITO, FINANCIAMENTO E INVESTIMENTO","2,63",28,106,35,169,10613765,1109591,10456015
2021,4º,"Demais Bancos, Financeiras e Instituições de Pagamento",Conglomerado, ,MODAL (conglomerado), ,21,19,23,63,1489940,1489660,41410
2021,4º,"Demais Bancos, Financeiras e Instituições de Pagamento",Banco/financeira,4379829,"NEGRESCO S.A. - CREDITO, FINANCIAMENTO E INVESTIMENTOS", ,0,5,0,5,441953,686,441268
2021,4º,"Demais Bancos, Financeiras e Instituições de Pagamento",Banco/financeira,20855875,NEON PAGAMENTOS S.A.,"324,25",210,108,47,365,647641, ,647641
2021,4º,"Demais Bancos, Financeiras e Instituições de Pagamento",Banco/financeira,74828799,NOVO BANCO CONTINENTAL S.A. - BANCO MÚLTIPLO, ,17,79,0,96,121786,3155,119057
2021,4º,"Top 15 - Bancos, Financeiras e Instituições de Pagamento",Conglomerado, ,NUBANK (conglomerado),"5,26",263,729,345,1337,49967783,47944167,23501884
2021,4º,"Demais Bancos, Financeiras e Instituições de Pagamento",Conglomerado, ,OMNI (conglomerado), ,21,64,56,141,5228860,185059,5061589
2021,4º,"Top 15 - Bancos, Financeiras e Instituições de Pagamento",Conglomerado, ,ORIGINAL (conglomerado),"17,70",635,737,232,1604,35869197,35697171,2757338
2021,4º,"Top 15 - Bancos, Financeiras e Instituições de Pagamento",Conglomerado, ,PAGBANK-PAGSEGURO (conglomerado),"15,78",345,668,196,1209,21860165,21852866,326378
2021,4º,"Demais Bancos, Financeiras e Instituições de Pagamento",Conglomerado, ,PARANÁ BANCO (conglomerado),"95,47",47,240,15,302,492284,10244,482350
2021,4º,"Demais Bancos, Financeiras e Instituições de Pagamento",Banco/financeira,3311443,"PARATI - CREDITO, FINANCIAMENTO E INVESTIMENTO S.A.","16.699,13",60,39,6,105,3593, ,3593
2021,4º,"Demais Bancos, Financeiras e Instituições de Pagamento",Banco/financeira,10878448,PAYPAL DO BRASIL SERVICOS DE PAGAMENTOS LTDA,"3,65",32,58,9,99,8746269,8746267,3
2021,4º,"Demais Bancos, Financeiras e Instituições de Pagamento",Banco/financeira,43180355,"PEFISA S.A. - CRÉDITO, FINANCIAMENTO E INVESTIMENTO","13,18",95,41,17,153,7207087,7004578,2587911
2021,4º,"Demais Bancos, Financeiras e Instituições de Pagamento",Conglomerado, ,PINE (conglomerado), ,3,2,0,5,12752,11239,2226
2021,4º,"Demais Bancos, Financeiras e Instituições de Pagamento",Conglomerado, ,PORTO SEGURO (conglomerado),"28,80",92,75,57,224,3193843, ,3193843
2021,4º,"Demais Bancos, Financeiras e Instituições de Pagamento",Banco/financeira,1800019,"PORTOCRED S.A. - CREDITO, FINANCIAMENTO E INVESTIMENTO", ,13,26,13,52,232901,1,232900
2021,4º,"Demais Bancos, Financeiras e Instituições de Pagamento",Banco/financeira,27351731,"REALIZE CRÉDITO, FINANCIAMENTO E INVESTIMENTO S.A.", ,12,56,18,86,5366646,58,5366622
2021,4º,"Demais Bancos, Financeiras e Instituições de Pagamento",Conglomerado, ,RENDIMENTO (conglomerado), ,2,20,5,27,207634,203897,6345
2021,4º,"Demais Bancos, Financeiras e Instituições de Pagamento",Banco/financeira,65697260,REPOM S.A., ,1,0,1,2,264544,264542,4
2021,4º,"Demais Bancos, Financeiras e Instituições de Pagamento",Conglomerado, ,RODOBENS (conglomerado), ,2,4,3,9,15210,1575,14003
2021,4º,"Demais Bancos, Financeiras e Instituições de Pagamento",Conglomerado, ,SAFRA (conglomerado),"58,24",299,608,218,1125,5133500,2203303,3293645
2021,4º,"Top 15 - Bancos, Financeiras e Instituições de Pagamento",Conglomerado, ,SANTANDER (conglomerado),"24,58",1397,3086,1638,6121,56812607,49729206,25807189
2021,4º,"Demais Bancos, Financeiras e Instituições de Pagamento",Banco/financeira,122327,"SANTINVEST S.A. - CREDITO, FINANCIAMENTO E INVESTIMENTOS", ,0,4,0,4,10969,564,10405
2021,4º,"Demais Bancos, Financeiras e Instituições de Pagamento",Conglomerado, ,SCANIA (conglomerado), ,1,0,0,1,5294,4196,5246
2021,4º,"Demais Bancos, Financeiras e Instituições de Pagamento",Banco/financeira,5503849,"SF3 CRÉDITO, FINANCIAMENTO E INVESTIMENTO S.A.", ,0,1,1,2,30369,1259,29113
2021,4º,"Demais Bancos, Financeiras e Instituições de Pagamento",Conglomerado, ,SIMPALA (conglomerado), ,1,0,0,1,3000,26,2974
2021,4º,"Demais Bancos, Financeiras e Instituições de Pagamento",Banco/financeira,3881423,"SOCINAL S.A. - CRÉDITO, FINANCIAMENTO E INVESTIMENTO", ,4,3,9,16,2151,458,1693
2021,4º,"Demais Bancos, Financeiras e Instituições de Pagamento",Conglomerado, ,SOFISA (conglomerado), ,26,24,9,59,437525,427956,17840
2021,4º,"Demais Bancos, Financeiras e Instituições de Pagamento",Conglomerado, ,SOROCRED (conglomerado), ,11,35,11,57,715574,1071,714550
2021,4º,"Demais Bancos, Financeiras e Instituições de Pagamento",Conglomerado, ,STONE (conglomerado),"21,55",40,82,11,133,1855667,1855564,104
2021,4º,"Demais Bancos, Financeiras e Instituições de Pagamento",Banco/financeira,9473806,"TODESCREDI S/A - CRÉDITO, FINANCIAMENTO E INVESTIMENTO", ,0,0,1,1,37822,12,37810
2021,4º,"Demais Bancos, Financeiras e Instituições de Pagamento",Banco/financeira,1722480,VERDE - ADMINISTRADORA DE CARTOES DE CREDITO S.A., ,2,7,2,11,435518, ,435518
2021,4º,"Demais Bancos, Financeiras e Instituições de Pagamento",Banco/financeira,5192316,"VIA CERTA FINANCIADORA S.A. - CRÉDITO, FINANCIAMENTO E INVESTIMENTOS", ,4,4,1,9,416742,2167,415345
2021,4º,"Demais Bancos, Financeiras e Instituições de Pagamento",Conglomerado, ,VOLKSWAGEN (conglomerado), ,13,50,38,101,344355,869,343647
2021,4º,"Demais Bancos, Financeiras e Instituições de Pagamento",Conglomerado, ,VOLVO (conglomerado), ,0,1,2,3,7449,49,7440
2021,4º,"Top 15 - Bancos, Financeiras e Instituições de Pagamento",Conglomerado, ,VOTORANTIM (conglomerado),"9,33",188,147,177,512,20145553,16986862,5287210
2021,4º,"Demais Bancos, Financeiras e Instituições de Pagamento",Conglomerado, ,WESTERN UNION (conglomerado), ,1,2,3,6,1,1, 
2021,4º,"Demais Bancos, Financeiras e Instituições de Pagamento",Banco/financeira,23862762,"WILL FINANCEIRA S.A. CRÉDITO, FINANCIAMENTO E INVESTIMENTO","19,87",41,31,22,94,2062720,2062055,440454
2021,4º,"Demais Bancos, Financeiras e Instituições de Pagamento",Conglomerado, ,XP (conglomerado),"184,34",70,13,7,90,379732,376638,284044
2021,4º,"Demais Bancos, Financeiras e Instituições de Pagamento",Conglomerado, ,YAMAHA MOTOR (conglomerado), ,0,9,14,23,213549,115,213456
